{"cameraMode":{"drawMode":0,"name":"Shaded","section":"Shading Mode"},"sceneLighting":false,"audioPlay":false,"sceneViewState":{"showFog":true,"showMaterialUpdate":true,"showSkybox":true,"showFlares":true,"showImageEffects":true,"showParticleSystems":true},"in2DMode":false,"pivot":{"x":-5.297327995300293,"y":0.9829349517822266,"z":1.7710002660751343},"rotation":{"x":-0.08031629025936127,"y":0.6538293361663818,"z":-0.07010221481323242,"w":-0.7490951418876648},"size":10.0,"orthographic":false}