{"cameraMode":{"drawMode":0,"name":"Shaded","section":"Shading Mode"},"sceneLighting":false,"audioPlay":false,"sceneViewState":{"showFog":true,"showMaterialUpdate":true,"showSkybox":false,"showFlares":true,"showImageEffects":true,"showParticleSystems":true},"in2DMode":false,"pivot":{"x":0.8362082242965698,"y":1.0907392501831055,"z":1.7566008567810059},"rotation":{"x":-0.1909506618976593,"y":-0.042098987847566608,"z":0.008197307586669922,"w":-0.9806620478630066},"size":1.3142489194869996,"orthographic":false}